schema_version,run_id,test_id,case_id,timestamp_utc,emulator_name,emulator_version,emulator_binary_sha256,romset,parent_rom_sha256,target_rom_sha256,savestate_sha256,sequence,frame,hook_semantics,pc,event,active_player,p1_base,p2_base,p1_04,p1_05,p1_06,p1_07,p1_38,p1_54,p1_5c,p1_105,p1_140,p1_141,p1_1a4,p2_04,p2_05,p2_06,p2_07,p2_38,p2_54,p2_5c,p2_105,p2_140,p2_141,p2_1a4,indirect_target,expected_class,observed_class,case_result,notes
1.0.0,RUN-ROUTEPROBE-RETRO-001,EVID-RUNTIME-001,OBS-001,"2026/09/08 22:20:16 (local, TZ unrecorded)",FBNeo (fcadefbneo),UNVERIFIED,UNVERIFIED,vsavj (970519 Japan),UNVERIFIED,UNVERIFIED,UNVERIFIED,1,225,emu.registerbefore (drawn frames only; ~1 tick in 4 unsampled at turbo 3),NOT_LOGGED,p2_5c_rise,P1,0xFF8400,0xFF8800,NOT_LOGGED,0x00,0x06,NOT_LOGGED,0x01,NOT_LOGGED,NOT_LOGGED,0x01,NOT_LOGGED,NOT_LOGGED,NOT_LOGGED,NOT_LOGGED,0x02,NOT_LOGGED,NOT_LOGGED,NOT_LOGGED,NOT_LOGGED,0x0B,NOT_LOGGED,NOT_LOGGED,NOT_LOGGED,NOT_LOGGED,NOT_LOGGED,AIR_NORMAL_0x0A,0x06,INCONCLUSIVE,attacker airborne; character not recorded by probe; p2_158=0x00
1.0.0,RUN-ROUTEPROBE-RETRO-001,EVID-RUNTIME-001,OBS-002,"2026/09/08 22:20:16 (local, TZ unrecorded)",FBNeo (fcadefbneo),UNVERIFIED,UNVERIFIED,vsavj (970519 Japan),UNVERIFIED,UNVERIFIED,UNVERIFIED,2,51,emu.registerbefore (drawn frames only; ~1 tick in 4 unsampled at turbo 3),NOT_LOGGED,p2_5c_rise,P1,0xFF8400,0xFF8800,NOT_LOGGED,0x00,0x14,NOT_LOGGED,0x00,NOT_LOGGED,NOT_LOGGED,0x01,NOT_LOGGED,NOT_LOGGED,NOT_LOGGED,NOT_LOGGED,0x02,NOT_LOGGED,NOT_LOGGED,NOT_LOGGED,NOT_LOGGED,0x0A,NOT_LOGGED,NOT_LOGGED,NOT_LOGGED,NOT_LOGGED,NOT_LOGGED,GROUND_NOT_IN_SCOPE,0x14,INCONCLUSIVE,attacker grounded; character not recorded by probe; p2_158=0x00
1.0.0,RUN-ROUTEPROBE-RETRO-001,EVID-RUNTIME-001,OBS-003,"2026/09/08 22:20:16 (local, TZ unrecorded)",FBNeo (fcadefbneo),UNVERIFIED,UNVERIFIED,vsavj (970519 Japan),UNVERIFIED,UNVERIFIED,UNVERIFIED,3,109,emu.registerbefore (drawn frames only; ~1 tick in 4 unsampled at turbo 3),NOT_LOGGED,p2_5c_rise,P1,0xFF8400,0xFF8800,NOT_LOGGED,0x00,0x06,NOT_LOGGED,0x01,NOT_LOGGED,NOT_LOGGED,0x01,NOT_LOGGED,NOT_LOGGED,NOT_LOGGED,NOT_LOGGED,0x02,NOT_LOGGED,NOT_LOGGED,NOT_LOGGED,NOT_LOGGED,0x0B,NOT_LOGGED,NOT_LOGGED,NOT_LOGGED,NOT_LOGGED,NOT_LOGGED,AIR_NORMAL_0x0A,0x06,INCONCLUSIVE,attacker airborne; character not recorded by probe; p2_158=0x00
1.0.0,RUN-ROUTEPROBE-RETRO-001,EVID-RUNTIME-001,OBS-004,"2026/09/08 22:20:16 (local, TZ unrecorded)",FBNeo (fcadefbneo),UNVERIFIED,UNVERIFIED,vsavj (970519 Japan),UNVERIFIED,UNVERIFIED,UNVERIFIED,4,124,emu.registerbefore (drawn frames only; ~1 tick in 4 unsampled at turbo 3),NOT_LOGGED,p2_5c_rise,P1,0xFF8400,0xFF8800,NOT_LOGGED,0x00,0x06,NOT_LOGGED,0x01,NOT_LOGGED,NOT_LOGGED,0x01,NOT_LOGGED,NOT_LOGGED,NOT_LOGGED,NOT_LOGGED,0x02,NOT_LOGGED,NOT_LOGGED,NOT_LOGGED,NOT_LOGGED,0x0B,NOT_LOGGED,NOT_LOGGED,NOT_LOGGED,NOT_LOGGED,NOT_LOGGED,AIR_NORMAL_0x0A,0x06,INCONCLUSIVE,attacker airborne; character not recorded by probe; p2_158=0x00
1.0.0,RUN-ROUTEPROBE-RETRO-001,EVID-RUNTIME-001,OBS-005,"2026/09/08 22:20:16 (local, TZ unrecorded)",FBNeo (fcadefbneo),UNVERIFIED,UNVERIFIED,vsavj (970519 Japan),UNVERIFIED,UNVERIFIED,UNVERIFIED,5,139,emu.registerbefore (drawn frames only; ~1 tick in 4 unsampled at turbo 3),NOT_LOGGED,p2_5c_rise,P1,0xFF8400,0xFF8800,NOT_LOGGED,0x00,0x06,NOT_LOGGED,0x01,NOT_LOGGED,NOT_LOGGED,0x01,NOT_LOGGED,NOT_LOGGED,NOT_LOGGED,NOT_LOGGED,0x02,NOT_LOGGED,NOT_LOGGED,NOT_LOGGED,NOT_LOGGED,0x0B,NOT_LOGGED,NOT_LOGGED,NOT_LOGGED,NOT_LOGGED,NOT_LOGGED,AIR_NORMAL_0x0A,0x06,INCONCLUSIVE,attacker airborne; character not recorded by probe; p2_158=0x00
1.0.0,RUN-ROUTEPROBE-RETRO-001,EVID-RUNTIME-001,OBS-006,"2026/09/08 22:20:16 (local, TZ unrecorded)",FBNeo (fcadefbneo),UNVERIFIED,UNVERIFIED,vsavj (970519 Japan),UNVERIFIED,UNVERIFIED,UNVERIFIED,6,241,emu.registerbefore (drawn frames only; ~1 tick in 4 unsampled at turbo 3),NOT_LOGGED,p2_5c_rise,P1,0xFF8400,0xFF8800,NOT_LOGGED,0x00,0x06,NOT_LOGGED,0x01,NOT_LOGGED,NOT_LOGGED,0x01,NOT_LOGGED,NOT_LOGGED,NOT_LOGGED,NOT_LOGGED,0x02,NOT_LOGGED,NOT_LOGGED,NOT_LOGGED,NOT_LOGGED,0x0B,NOT_LOGGED,NOT_LOGGED,NOT_LOGGED,NOT_LOGGED,NOT_LOGGED,AIR_NORMAL_0x0A,0x06,INCONCLUSIVE,attacker airborne; character not recorded by probe; p2_158=0x00
1.0.0,RUN-ROUTEPROBE-RETRO-001,EVID-RUNTIME-001,OBS-007,"2026/09/08 22:20:16 (local, TZ unrecorded)",FBNeo (fcadefbneo),UNVERIFIED,UNVERIFIED,vsavj (970519 Japan),UNVERIFIED,UNVERIFIED,UNVERIFIED,7,0,emu.registerbefore (drawn frames only; ~1 tick in 4 unsampled at turbo 3),NOT_LOGGED,p2_5c_rise,P1,0xFF8400,0xFF8800,NOT_LOGGED,0x00,0x06,NOT_LOGGED,0x01,NOT_LOGGED,NOT_LOGGED,0x01,NOT_LOGGED,NOT_LOGGED,NOT_LOGGED,NOT_LOGGED,0x02,NOT_LOGGED,NOT_LOGGED,NOT_LOGGED,NOT_LOGGED,0x0B,NOT_LOGGED,NOT_LOGGED,NOT_LOGGED,NOT_LOGGED,NOT_LOGGED,AIR_NORMAL_0x0A,0x06,INCONCLUSIVE,attacker airborne; character not recorded by probe; p2_158=0x00
1.0.0,RUN-ROUTEPROBE-RETRO-001,EVID-RUNTIME-001,OBS-008,"2026/09/08 22:20:16 (local, TZ unrecorded)",FBNeo (fcadefbneo),UNVERIFIED,UNVERIFIED,vsavj (970519 Japan),UNVERIFIED,UNVERIFIED,UNVERIFIED,8,15,emu.registerbefore (drawn frames only; ~1 tick in 4 unsampled at turbo 3),NOT_LOGGED,p2_5c_rise,P1,0xFF8400,0xFF8800,NOT_LOGGED,0x00,0x06,NOT_LOGGED,0x01,NOT_LOGGED,NOT_LOGGED,0x01,NOT_LOGGED,NOT_LOGGED,NOT_LOGGED,NOT_LOGGED,0x02,NOT_LOGGED,NOT_LOGGED,NOT_LOGGED,NOT_LOGGED,0x0B,NOT_LOGGED,NOT_LOGGED,NOT_LOGGED,NOT_LOGGED,NOT_LOGGED,AIR_NORMAL_0x0A,0x06,INCONCLUSIVE,attacker airborne; character not recorded by probe; p2_158=0x00
1.0.0,RUN-ROUTEPROBE-RETRO-001,EVID-RUNTIME-001,OBS-009,"2026/09/08 22:20:16 (local, TZ unrecorded)",FBNeo (fcadefbneo),UNVERIFIED,UNVERIFIED,vsavj (970519 Japan),UNVERIFIED,UNVERIFIED,UNVERIFIED,9,67,emu.registerbefore (drawn frames only; ~1 tick in 4 unsampled at turbo 3),NOT_LOGGED,p2_5c_rise,P1,0xFF8400,0xFF8800,NOT_LOGGED,0x00,0x06,NOT_LOGGED,0x01,NOT_LOGGED,NOT_LOGGED,0x01,NOT_LOGGED,NOT_LOGGED,NOT_LOGGED,NOT_LOGGED,0x02,NOT_LOGGED,NOT_LOGGED,NOT_LOGGED,NOT_LOGGED,0x0B,NOT_LOGGED,NOT_LOGGED,NOT_LOGGED,NOT_LOGGED,NOT_LOGGED,AIR_NORMAL_0x0A,0x06,INCONCLUSIVE,attacker airborne; character not recorded by probe; p2_158=0x00
1.0.0,RUN-ROUTEPROBE-RETRO-001,EVID-RUNTIME-001,OBS-010,"2026/09/08 22:20:16 (local, TZ unrecorded)",FBNeo (fcadefbneo),UNVERIFIED,UNVERIFIED,vsavj (970519 Japan),UNVERIFIED,UNVERIFIED,UNVERIFIED,10,87,emu.registerbefore (drawn frames only; ~1 tick in 4 unsampled at turbo 3),NOT_LOGGED,p2_5c_rise,P1,0xFF8400,0xFF8800,NOT_LOGGED,0x00,0x0A,NOT_LOGGED,0x01,NOT_LOGGED,NOT_LOGGED,0x01,NOT_LOGGED,NOT_LOGGED,NOT_LOGGED,NOT_LOGGED,0x02,NOT_LOGGED,NOT_LOGGED,NOT_LOGGED,NOT_LOGGED,0x0B,NOT_LOGGED,NOT_LOGGED,NOT_LOGGED,NOT_LOGGED,NOT_LOGGED,AIR_NORMAL_0x0A,0x0A,INCONCLUSIVE,attacker airborne; character not recorded by probe; p2_158=0x00
1.0.0,RUN-ROUTEPROBE-RETRO-001,EVID-RUNTIME-001,OBS-011,"2026/09/09 18:59:55 (local, TZ unrecorded)",FBNeo (fcadefbneo),UNVERIFIED,UNVERIFIED,vsavj (970519 Japan),UNVERIFIED,UNVERIFIED,UNVERIFIED,11,157,emu.registerbefore (drawn frames only; ~1 tick in 4 unsampled at turbo 3),NOT_LOGGED,p2_5c_rise,P1,0xFF8400,0xFF8800,NOT_LOGGED,0x00,0x14,NOT_LOGGED,0x00,NOT_LOGGED,NOT_LOGGED,0x01,NOT_LOGGED,NOT_LOGGED,NOT_LOGGED,NOT_LOGGED,0x02,NOT_LOGGED,NOT_LOGGED,NOT_LOGGED,NOT_LOGGED,0x0B,NOT_LOGGED,NOT_LOGGED,NOT_LOGGED,NOT_LOGGED,NOT_LOGGED,GROUND_NOT_IN_SCOPE,0x14,INCONCLUSIVE,attacker grounded; character not recorded by probe; p2_158=0x00
1.0.0,RUN-ROUTEPROBE-RETRO-001,EVID-RUNTIME-001,OBS-012,"2026/09/09 18:59:55 (local, TZ unrecorded)",FBNeo (fcadefbneo),UNVERIFIED,UNVERIFIED,vsavj (970519 Japan),UNVERIFIED,UNVERIFIED,UNVERIFIED,12,57,emu.registerbefore (drawn frames only; ~1 tick in 4 unsampled at turbo 3),NOT_LOGGED,p2_5c_rise,P1,0xFF8400,0xFF8800,NOT_LOGGED,0x00,0x14,NOT_LOGGED,0x00,NOT_LOGGED,NOT_LOGGED,0x01,NOT_LOGGED,NOT_LOGGED,NOT_LOGGED,NOT_LOGGED,0x02,NOT_LOGGED,NOT_LOGGED,NOT_LOGGED,NOT_LOGGED,0x0B,NOT_LOGGED,NOT_LOGGED,NOT_LOGGED,NOT_LOGGED,NOT_LOGGED,GROUND_NOT_IN_SCOPE,0x14,INCONCLUSIVE,attacker grounded; character not recorded by probe; p2_158=0x00
1.0.0,RUN-ROUTEPROBE-RETRO-001,EVID-RUNTIME-001,OBS-013,"2026/09/09 18:59:55 (local, TZ unrecorded)",FBNeo (fcadefbneo),UNVERIFIED,UNVERIFIED,vsavj (970519 Japan),UNVERIFIED,UNVERIFIED,UNVERIFIED,13,163,emu.registerbefore (drawn frames only; ~1 tick in 4 unsampled at turbo 3),NOT_LOGGED,p2_5c_rise,P1,0xFF8400,0xFF8800,NOT_LOGGED,0x00,0x14,NOT_LOGGED,0x00,NOT_LOGGED,NOT_LOGGED,0x01,NOT_LOGGED,NOT_LOGGED,NOT_LOGGED,NOT_LOGGED,0x02,NOT_LOGGED,NOT_LOGGED,NOT_LOGGED,NOT_LOGGED,0x0B,NOT_LOGGED,NOT_LOGGED,NOT_LOGGED,NOT_LOGGED,NOT_LOGGED,GROUND_NOT_IN_SCOPE,0x14,INCONCLUSIVE,attacker grounded; character not recorded by probe; p2_158=0x00
1.0.0,RUN-ROUTEPROBE-RETRO-001,EVID-RUNTIME-001,OBS-014,"2026/09/09 18:59:55 (local, TZ unrecorded)",FBNeo (fcadefbneo),UNVERIFIED,UNVERIFIED,vsavj (970519 Japan),UNVERIFIED,UNVERIFIED,UNVERIFIED,14,167,emu.registerbefore (drawn frames only; ~1 tick in 4 unsampled at turbo 3),NOT_LOGGED,p2_5c_rise,P1,0xFF8400,0xFF8800,NOT_LOGGED,0x00,0x14,NOT_LOGGED,0x00,NOT_LOGGED,NOT_LOGGED,0x01,NOT_LOGGED,NOT_LOGGED,NOT_LOGGED,NOT_LOGGED,0x02,NOT_LOGGED,NOT_LOGGED,NOT_LOGGED,NOT_LOGGED,0x0B,NOT_LOGGED,NOT_LOGGED,NOT_LOGGED,NOT_LOGGED,NOT_LOGGED,GROUND_NOT_IN_SCOPE,0x14,INCONCLUSIVE,attacker grounded; character not recorded by probe; p2_158=0x00
1.0.0,RUN-ROUTEPROBE-RETRO-001,EVID-RUNTIME-001,OBS-015,"2026/09/09 18:59:55 (local, TZ unrecorded)",FBNeo (fcadefbneo),UNVERIFIED,UNVERIFIED,vsavj (970519 Japan),UNVERIFIED,UNVERIFIED,UNVERIFIED,15,87,emu.registerbefore (drawn frames only; ~1 tick in 4 unsampled at turbo 3),NOT_LOGGED,p2_5c_rise,P1,0xFF8400,0xFF8800,NOT_LOGGED,0x00,0x14,NOT_LOGGED,0x00,NOT_LOGGED,NOT_LOGGED,0x01,NOT_LOGGED,NOT_LOGGED,NOT_LOGGED,NOT_LOGGED,0x02,NOT_LOGGED,NOT_LOGGED,NOT_LOGGED,NOT_LOGGED,0x0A,NOT_LOGGED,NOT_LOGGED,NOT_LOGGED,NOT_LOGGED,NOT_LOGGED,GROUND_NOT_IN_SCOPE,0x14,INCONCLUSIVE,attacker grounded; character not recorded by probe; p2_158=0x00
1.0.0,RUN-ROUTEPROBE-RETRO-001,EVID-RUNTIME-001,OBS-016,"2026/09/09 18:59:55 (local, TZ unrecorded)",FBNeo (fcadefbneo),UNVERIFIED,UNVERIFIED,vsavj (970519 Japan),UNVERIFIED,UNVERIFIED,UNVERIFIED,16,3,emu.registerbefore (drawn frames only; ~1 tick in 4 unsampled at turbo 3),NOT_LOGGED,p2_5c_rise,P1,0xFF8400,0xFF8800,NOT_LOGGED,0x00,0x14,NOT_LOGGED,0x00,NOT_LOGGED,NOT_LOGGED,0x01,NOT_LOGGED,NOT_LOGGED,NOT_LOGGED,NOT_LOGGED,0x02,NOT_LOGGED,NOT_LOGGED,NOT_LOGGED,NOT_LOGGED,0x0A,NOT_LOGGED,NOT_LOGGED,NOT_LOGGED,NOT_LOGGED,NOT_LOGGED,GROUND_NOT_IN_SCOPE,0x14,INCONCLUSIVE,attacker grounded; character not recorded by probe; p2_158=0x00
1.0.0,RUN-ROUTEPROBE-RETRO-001,EVID-RUNTIME-001,OBS-017,"2026/09/10 19:35:53 (local, TZ unrecorded)",FBNeo (fcadefbneo),UNVERIFIED,UNVERIFIED,vsavj (970519 Japan),UNVERIFIED,UNVERIFIED,UNVERIFIED,17,15,emu.registerbefore (drawn frames only; ~1 tick in 4 unsampled at turbo 3),NOT_LOGGED,p2_5c_rise,P1,0xFF8400,0xFF8800,0x02,0x00,0x06,0x06,0x01,NOT_LOGGED,NOT_LOGGED,0x01,NOT_LOGGED,NOT_LOGGED,NOT_LOGGED,NOT_LOGGED,0x02,NOT_LOGGED,NOT_LOGGED,NOT_LOGGED,NOT_LOGGED,0x0B,NOT_LOGGED,0x00,NOT_LOGGED,NOT_LOGGED,NOT_LOGGED,AIR_NORMAL_0x0A,0x06,INCONCLUSIVE,attacker airborne; character $382=0x04; p2_158=0x00
1.0.0,RUN-ROUTEPROBE-RETRO-001,EVID-RUNTIME-001,OBS-018,"2026/09/10 19:35:53 (local, TZ unrecorded)",FBNeo (fcadefbneo),UNVERIFIED,UNVERIFIED,vsavj (970519 Japan),UNVERIFIED,UNVERIFIED,UNVERIFIED,18,119,emu.registerbefore (drawn frames only; ~1 tick in 4 unsampled at turbo 3),NOT_LOGGED,p2_5c_rise,P1,0xFF8400,0xFF8800,0x02,0x00,0x14,0x04,0x00,NOT_LOGGED,NOT_LOGGED,0x01,NOT_LOGGED,NOT_LOGGED,NOT_LOGGED,NOT_LOGGED,0x02,NOT_LOGGED,NOT_LOGGED,NOT_LOGGED,NOT_LOGGED,0x0B,NOT_LOGGED,0x00,NOT_LOGGED,NOT_LOGGED,NOT_LOGGED,GROUND_NOT_IN_SCOPE,0x14,INCONCLUSIVE,attacker grounded; character $382=0x04; p2_158=0x00
1.0.0,RUN-ROUTEPROBE-RETRO-001,EVID-RUNTIME-001,OBS-019,"2026/09/10 19:35:53 (local, TZ unrecorded)",FBNeo (fcadefbneo),UNVERIFIED,UNVERIFIED,vsavj (970519 Japan),UNVERIFIED,UNVERIFIED,UNVERIFIED,19,9,emu.registerbefore (drawn frames only; ~1 tick in 4 unsampled at turbo 3),NOT_LOGGED,p2_5c_rise,P1,0xFF8400,0xFF8800,0x02,0x00,0x0A,0x02,0x00,NOT_LOGGED,NOT_LOGGED,0x01,NOT_LOGGED,NOT_LOGGED,NOT_LOGGED,NOT_LOGGED,0x02,NOT_LOGGED,NOT_LOGGED,NOT_LOGGED,NOT_LOGGED,0x0B,NOT_LOGGED,0x00,NOT_LOGGED,NOT_LOGGED,NOT_LOGGED,GROUND_NOT_IN_SCOPE,0x0A,INCONCLUSIVE,attacker grounded; character $382=0x04; p2_158=0x00
1.0.0,RUN-ROUTEPROBE-RETRO-001,EVID-RUNTIME-001,OBS-020,"2026/09/10 19:35:53 (local, TZ unrecorded)",FBNeo (fcadefbneo),UNVERIFIED,UNVERIFIED,vsavj (970519 Japan),UNVERIFIED,UNVERIFIED,UNVERIFIED,20,31,emu.registerbefore (drawn frames only; ~1 tick in 4 unsampled at turbo 3),NOT_LOGGED,p2_5c_rise,P1,0xFF8400,0xFF8800,0x02,0x00,0x0A,0x02,0x00,NOT_LOGGED,NOT_LOGGED,0x01,NOT_LOGGED,NOT_LOGGED,NOT_LOGGED,NOT_LOGGED,0x02,NOT_LOGGED,NOT_LOGGED,NOT_LOGGED,NOT_LOGGED,0x0A,NOT_LOGGED,0x00,NOT_LOGGED,NOT_LOGGED,NOT_LOGGED,GROUND_NOT_IN_SCOPE,0x0A,INCONCLUSIVE,attacker grounded; character $382=0x04; p2_158=0x00
1.0.0,RUN-ROUTEPROBE-RETRO-001,EVID-RUNTIME-001,OBS-021,"2026/09/10 19:35:53 (local, TZ unrecorded)",FBNeo (fcadefbneo),UNVERIFIED,UNVERIFIED,vsavj (970519 Japan),UNVERIFIED,UNVERIFIED,UNVERIFIED,21,137,emu.registerbefore (drawn frames only; ~1 tick in 4 unsampled at turbo 3),NOT_LOGGED,p2_5c_rise,P1,0xFF8400,0xFF8800,0x02,0x00,0x0A,0x02,0x00,NOT_LOGGED,NOT_LOGGED,0x01,NOT_LOGGED,NOT_LOGGED,NOT_LOGGED,NOT_LOGGED,0x02,NOT_LOGGED,NOT_LOGGED,NOT_LOGGED,NOT_LOGGED,0x0B,NOT_LOGGED,0x02,NOT_LOGGED,NOT_LOGGED,NOT_LOGGED,GROUND_NOT_IN_SCOPE,0x0A,INCONCLUSIVE,attacker grounded; character $382=0x04; p2_158=0x0E
1.0.0,RUN-ROUTEPROBE-RETRO-001,EVID-RUNTIME-001,OBS-022,"2026/09/10 19:35:53 (local, TZ unrecorded)",FBNeo (fcadefbneo),UNVERIFIED,UNVERIFIED,vsavj (970519 Japan),UNVERIFIED,UNVERIFIED,UNVERIFIED,22,219,emu.registerbefore (drawn frames only; ~1 tick in 4 unsampled at turbo 3),NOT_LOGGED,p2_5c_rise,P1,0xFF8400,0xFF8800,0x02,0x00,0x0A,0x02,0x00,NOT_LOGGED,NOT_LOGGED,0x01,NOT_LOGGED,NOT_LOGGED,NOT_LOGGED,NOT_LOGGED,0x02,NOT_LOGGED,NOT_LOGGED,NOT_LOGGED,NOT_LOGGED,0x0B,NOT_LOGGED,0x00,NOT_LOGGED,NOT_LOGGED,NOT_LOGGED,GROUND_NOT_IN_SCOPE,0x0A,INCONCLUSIVE,attacker grounded; character $382=0x04; p2_158=0x00
1.0.0,RUN-ROUTEPROBE-RETRO-001,EVID-RUNTIME-001,OBS-023,"2026/09/10 19:35:53 (local, TZ unrecorded)",FBNeo (fcadefbneo),UNVERIFIED,UNVERIFIED,vsavj (970519 Japan),UNVERIFIED,UNVERIFIED,UNVERIFIED,23,7,emu.registerbefore (drawn frames only; ~1 tick in 4 unsampled at turbo 3),NOT_LOGGED,p2_5c_rise,P1,0xFF8400,0xFF8800,0x02,0x00,0x0A,0x02,0x00,NOT_LOGGED,NOT_LOGGED,0x01,NOT_LOGGED,NOT_LOGGED,NOT_LOGGED,NOT_LOGGED,0x02,NOT_LOGGED,NOT_LOGGED,NOT_LOGGED,NOT_LOGGED,0x0B,NOT_LOGGED,0x00,NOT_LOGGED,NOT_LOGGED,NOT_LOGGED,GROUND_NOT_IN_SCOPE,0x0A,INCONCLUSIVE,attacker grounded; character $382=0x04; p2_158=0x00
1.0.0,RUN-ROUTEPROBE-RETRO-001,EVID-RUNTIME-001,OBS-024,"2026/09/10 19:35:53 (local, TZ unrecorded)",FBNeo (fcadefbneo),UNVERIFIED,UNVERIFIED,vsavj (970519 Japan),UNVERIFIED,UNVERIFIED,UNVERIFIED,24,168,emu.registerbefore (drawn frames only; ~1 tick in 4 unsampled at turbo 3),NOT_LOGGED,p2_5c_rise,P1,0xFF8400,0xFF8800,0x02,0x00,0x0A,0x02,0x00,NOT_LOGGED,NOT_LOGGED,0x01,NOT_LOGGED,NOT_LOGGED,NOT_LOGGED,NOT_LOGGED,0x02,NOT_LOGGED,NOT_LOGGED,NOT_LOGGED,NOT_LOGGED,0x0B,NOT_LOGGED,0x00,NOT_LOGGED,NOT_LOGGED,NOT_LOGGED,GROUND_NOT_IN_SCOPE,0x0A,INCONCLUSIVE,attacker grounded; character $382=0x04; p2_158=0x00
1.0.0,RUN-ROUTEPROBE-RETRO-001,EVID-RUNTIME-001,OBS-025,"2026/09/10 19:35:53 (local, TZ unrecorded)",FBNeo (fcadefbneo),UNVERIFIED,UNVERIFIED,vsavj (970519 Japan),UNVERIFIED,UNVERIFIED,UNVERIFIED,25,140,emu.registerbefore (drawn frames only; ~1 tick in 4 unsampled at turbo 3),NOT_LOGGED,p2_5c_rise,P1,0xFF8400,0xFF8800,0x02,0x00,0x0A,0x02,0x00,NOT_LOGGED,NOT_LOGGED,0x01,NOT_LOGGED,NOT_LOGGED,NOT_LOGGED,NOT_LOGGED,0x02,NOT_LOGGED,NOT_LOGGED,NOT_LOGGED,NOT_LOGGED,0x04,NOT_LOGGED,0x02,NOT_LOGGED,NOT_LOGGED,NOT_LOGGED,GROUND_NOT_IN_SCOPE,0x0A,INCONCLUSIVE,attacker grounded; character $382=0x04; p2_158=0x0E
1.0.0,RUN-ROUTEPROBE-RETRO-001,EVID-RUNTIME-001,OBS-026,"2026/09/10 19:35:53 (local, TZ unrecorded)",FBNeo (fcadefbneo),UNVERIFIED,UNVERIFIED,vsavj (970519 Japan),UNVERIFIED,UNVERIFIED,UNVERIFIED,26,151,emu.registerbefore (drawn frames only; ~1 tick in 4 unsampled at turbo 3),NOT_LOGGED,p2_5c_rise,P1,0xFF8400,0xFF8800,0x02,0x00,0x0A,0x02,0x00,NOT_LOGGED,NOT_LOGGED,0x01,NOT_LOGGED,NOT_LOGGED,NOT_LOGGED,NOT_LOGGED,0x02,NOT_LOGGED,NOT_LOGGED,NOT_LOGGED,NOT_LOGGED,0x0B,NOT_LOGGED,0x02,NOT_LOGGED,NOT_LOGGED,NOT_LOGGED,GROUND_NOT_IN_SCOPE,0x0A,INCONCLUSIVE,attacker grounded; character $382=0x04; p2_158=0x0E
1.0.0,RUN-ROUTEPROBE-RETRO-001,EVID-RUNTIME-001,OBS-027,"2026/09/10 19:35:53 (local, TZ unrecorded)",FBNeo (fcadefbneo),UNVERIFIED,UNVERIFIED,vsavj (970519 Japan),UNVERIFIED,UNVERIFIED,UNVERIFIED,27,51,emu.registerbefore (drawn frames only; ~1 tick in 4 unsampled at turbo 3),NOT_LOGGED,p2_5c_rise,P1,0xFF8400,0xFF8800,0x02,0x00,0x0A,0x02,0x00,NOT_LOGGED,NOT_LOGGED,0x01,NOT_LOGGED,NOT_LOGGED,NOT_LOGGED,NOT_LOGGED,0x02,NOT_LOGGED,NOT_LOGGED,NOT_LOGGED,NOT_LOGGED,0x04,NOT_LOGGED,0x02,NOT_LOGGED,NOT_LOGGED,NOT_LOGGED,GROUND_NOT_IN_SCOPE,0x0A,INCONCLUSIVE,attacker grounded; character $382=0x04; p2_158=0x0E
1.0.0,RUN-ROUTEPROBE-RETRO-001,EVID-RUNTIME-001,OBS-028,"2026/09/10 19:35:53 (local, TZ unrecorded)",FBNeo (fcadefbneo),UNVERIFIED,UNVERIFIED,vsavj (970519 Japan),UNVERIFIED,UNVERIFIED,UNVERIFIED,28,63,emu.registerbefore (drawn frames only; ~1 tick in 4 unsampled at turbo 3),NOT_LOGGED,p2_5c_rise,P1,0xFF8400,0xFF8800,0x02,0x00,0x0A,0x02,0x00,NOT_LOGGED,NOT_LOGGED,0x01,NOT_LOGGED,NOT_LOGGED,NOT_LOGGED,NOT_LOGGED,0x02,NOT_LOGGED,NOT_LOGGED,NOT_LOGGED,NOT_LOGGED,0x0B,NOT_LOGGED,0x02,NOT_LOGGED,NOT_LOGGED,NOT_LOGGED,GROUND_NOT_IN_SCOPE,0x0A,INCONCLUSIVE,attacker grounded; character $382=0x04; p2_158=0x0E
1.0.0,RUN-ROUTEPROBE-RETRO-001,EVID-RUNTIME-001,OBS-029,"2026/09/10 19:37:14 (local, TZ unrecorded)",FBNeo (fcadefbneo),UNVERIFIED,UNVERIFIED,vsavj (970519 Japan),UNVERIFIED,UNVERIFIED,UNVERIFIED,29,113,emu.registerbefore (drawn frames only; ~1 tick in 4 unsampled at turbo 3),NOT_LOGGED,p2_5c_rise,P1,0xFF8400,0xFF8800,0x02,0x00,0x06,0x06,0x01,NOT_LOGGED,NOT_LOGGED,0x01,NOT_LOGGED,NOT_LOGGED,NOT_LOGGED,NOT_LOGGED,0x02,NOT_LOGGED,NOT_LOGGED,NOT_LOGGED,NOT_LOGGED,0x0B,NOT_LOGGED,0x00,NOT_LOGGED,NOT_LOGGED,NOT_LOGGED,AIR_NORMAL_0x0A,0x06,INCONCLUSIVE,attacker airborne; character $382=0x04; p2_158=0x00
1.0.0,RUN-ROUTEPROBE-RETRO-001,EVID-RUNTIME-001,OBS-030,"2026/09/10 19:37:14 (local, TZ unrecorded)",FBNeo (fcadefbneo),UNVERIFIED,UNVERIFIED,vsavj (970519 Japan),UNVERIFIED,UNVERIFIED,UNVERIFIED,30,199,emu.registerbefore (drawn frames only; ~1 tick in 4 unsampled at turbo 3),NOT_LOGGED,p2_5c_rise,P1,0xFF8400,0xFF8800,0x02,0x00,0x0A,0x02,0x00,NOT_LOGGED,NOT_LOGGED,0x01,NOT_LOGGED,NOT_LOGGED,NOT_LOGGED,NOT_LOGGED,0x02,NOT_LOGGED,NOT_LOGGED,NOT_LOGGED,NOT_LOGGED,0x0B,NOT_LOGGED,0x00,NOT_LOGGED,NOT_LOGGED,NOT_LOGGED,GROUND_NOT_IN_SCOPE,0x0A,INCONCLUSIVE,attacker grounded; character $382=0x04; p2_158=0x00
1.0.0,RUN-ROUTEPROBE-RETRO-001,EVID-RUNTIME-001,OBS-031,"2026/09/10 19:37:14 (local, TZ unrecorded)",FBNeo (fcadefbneo),UNVERIFIED,UNVERIFIED,vsavj (970519 Japan),UNVERIFIED,UNVERIFIED,UNVERIFIED,31,43,emu.registerbefore (drawn frames only; ~1 tick in 4 unsampled at turbo 3),NOT_LOGGED,p2_5c_rise,P1,0xFF8400,0xFF8800,0x02,0x00,0x14,0x04,0x00,NOT_LOGGED,NOT_LOGGED,0x01,NOT_LOGGED,NOT_LOGGED,NOT_LOGGED,NOT_LOGGED,0x02,NOT_LOGGED,NOT_LOGGED,NOT_LOGGED,NOT_LOGGED,0x0A,NOT_LOGGED,0x00,NOT_LOGGED,NOT_LOGGED,NOT_LOGGED,GROUND_NOT_IN_SCOPE,0x14,INCONCLUSIVE,attacker grounded; character $382=0x04; p2_158=0x00
1.0.0,RUN-ROUTEPROBE-RETRO-001,EVID-RUNTIME-001,OBS-032,"2026/09/10 19:37:14 (local, TZ unrecorded)",FBNeo (fcadefbneo),UNVERIFIED,UNVERIFIED,vsavj (970519 Japan),UNVERIFIED,UNVERIFIED,UNVERIFIED,32,173,emu.registerbefore (drawn frames only; ~1 tick in 4 unsampled at turbo 3),NOT_LOGGED,p2_5c_rise,P1,0xFF8400,0xFF8800,0x02,0x00,0x0A,0x02,0x00,NOT_LOGGED,NOT_LOGGED,0x01,NOT_LOGGED,NOT_LOGGED,NOT_LOGGED,NOT_LOGGED,0x02,NOT_LOGGED,NOT_LOGGED,NOT_LOGGED,NOT_LOGGED,0x0B,NOT_LOGGED,0x00,NOT_LOGGED,NOT_LOGGED,NOT_LOGGED,GROUND_NOT_IN_SCOPE,0x0A,INCONCLUSIVE,attacker grounded; character $382=0x04; p2_158=0x00
1.0.0,RUN-ROUTEPROBE-RETRO-001,EVID-RUNTIME-001,OBS-033,"2026/09/10 19:37:14 (local, TZ unrecorded)",FBNeo (fcadefbneo),UNVERIFIED,UNVERIFIED,vsavj (970519 Japan),UNVERIFIED,UNVERIFIED,UNVERIFIED,33,197,emu.registerbefore (drawn frames only; ~1 tick in 4 unsampled at turbo 3),NOT_LOGGED,p2_5c_rise,P1,0xFF8400,0xFF8800,0x02,0x00,0x0A,0x02,0x00,NOT_LOGGED,NOT_LOGGED,0x01,NOT_LOGGED,NOT_LOGGED,NOT_LOGGED,NOT_LOGGED,0x02,NOT_LOGGED,NOT_LOGGED,NOT_LOGGED,NOT_LOGGED,0x0B,NOT_LOGGED,0x00,NOT_LOGGED,NOT_LOGGED,NOT_LOGGED,GROUND_NOT_IN_SCOPE,0x0A,INCONCLUSIVE,attacker grounded; character $382=0x04; p2_158=0x00
1.0.0,RUN-ROUTEPROBE-RETRO-001,EVID-RUNTIME-001,OBS-034,"2026/09/10 19:37:14 (local, TZ unrecorded)",FBNeo (fcadefbneo),UNVERIFIED,UNVERIFIED,vsavj (970519 Japan),UNVERIFIED,UNVERIFIED,UNVERIFIED,34,169,emu.registerbefore (drawn frames only; ~1 tick in 4 unsampled at turbo 3),NOT_LOGGED,p2_5c_rise,P1,0xFF8400,0xFF8800,0x02,0x00,0x06,0x06,0x01,NOT_LOGGED,NOT_LOGGED,0x01,NOT_LOGGED,NOT_LOGGED,NOT_LOGGED,NOT_LOGGED,0x02,NOT_LOGGED,NOT_LOGGED,NOT_LOGGED,NOT_LOGGED,0x0B,NOT_LOGGED,0x02,NOT_LOGGED,NOT_LOGGED,NOT_LOGGED,AIR_NORMAL_0x0A,0x06,INCONCLUSIVE,attacker airborne; character $382=0x04; p2_158=0x0E
1.0.0,RUN-ROUTEPROBE-RETRO-001,EVID-RUNTIME-001,OBS-035,"2026/09/10 19:37:14 (local, TZ unrecorded)",FBNeo (fcadefbneo),UNVERIFIED,UNVERIFIED,vsavj (970519 Japan),UNVERIFIED,UNVERIFIED,UNVERIFIED,35,135,emu.registerbefore (drawn frames only; ~1 tick in 4 unsampled at turbo 3),NOT_LOGGED,p2_5c_rise,P1,0xFF8400,0xFF8800,0x02,0x00,0x0A,0x02,0x00,NOT_LOGGED,NOT_LOGGED,0x01,NOT_LOGGED,NOT_LOGGED,NOT_LOGGED,NOT_LOGGED,0x02,NOT_LOGGED,NOT_LOGGED,NOT_LOGGED,NOT_LOGGED,0x04,NOT_LOGGED,0x02,NOT_LOGGED,NOT_LOGGED,NOT_LOGGED,GROUND_NOT_IN_SCOPE,0x0A,INCONCLUSIVE,attacker grounded; character $382=0x04; p2_158=0x0E
1.0.0,RUN-ROUTEPROBE-RETRO-001,EVID-RUNTIME-001,OBS-036,"2026/09/10 19:37:14 (local, TZ unrecorded)",FBNeo (fcadefbneo),UNVERIFIED,UNVERIFIED,vsavj (970519 Japan),UNVERIFIED,UNVERIFIED,UNVERIFIED,36,147,emu.registerbefore (drawn frames only; ~1 tick in 4 unsampled at turbo 3),NOT_LOGGED,p2_5c_rise,P1,0xFF8400,0xFF8800,0x02,0x00,0x0A,0x02,0x00,NOT_LOGGED,NOT_LOGGED,0x01,NOT_LOGGED,NOT_LOGGED,NOT_LOGGED,NOT_LOGGED,0x02,NOT_LOGGED,NOT_LOGGED,NOT_LOGGED,NOT_LOGGED,0x0B,NOT_LOGGED,0x02,NOT_LOGGED,NOT_LOGGED,NOT_LOGGED,GROUND_NOT_IN_SCOPE,0x0A,INCONCLUSIVE,attacker grounded; character $382=0x04; p2_158=0x0E
1.0.0,RUN-ROUTEPROBE-RETRO-001,EVID-RUNTIME-001,OBS-037,"2026/09/10 19:37:14 (local, TZ unrecorded)",FBNeo (fcadefbneo),UNVERIFIED,UNVERIFIED,vsavj (970519 Japan),UNVERIFIED,UNVERIFIED,UNVERIFIED,37,117,emu.registerbefore (drawn frames only; ~1 tick in 4 unsampled at turbo 3),NOT_LOGGED,p2_5c_rise,P1,0xFF8400,0xFF8800,0x02,0x00,0x06,0x06,0x01,NOT_LOGGED,NOT_LOGGED,0x01,NOT_LOGGED,NOT_LOGGED,NOT_LOGGED,NOT_LOGGED,0x02,NOT_LOGGED,NOT_LOGGED,NOT_LOGGED,NOT_LOGGED,0x0B,NOT_LOGGED,0x00,NOT_LOGGED,NOT_LOGGED,NOT_LOGGED,AIR_NORMAL_0x0A,0x06,INCONCLUSIVE,attacker airborne; character $382=0x04; p2_158=0x00
